firstname,lastname,phone,email,country
Aditya,Sharma,+919812345601,aditya.sharma@example.com,India
Priya,Nair,+919812345602,priya.nair@example.com,India
Rahul,Verma,+919812345603,rahul.verma@example.com,India
Sneha,Iyer,+919812345604,sneha.iyer@example.com,India
Vikram,Singh,+919812345605,vikram.singh@example.com,India
Ananya,Reddy,+919812345606,ananya.reddy@example.com,India
John,Miller,+15551234501,john.miller@example.com,United States
Emma,Watson,+447700900123,emma.watson@example.com,United Kingdom
"Fernandes, Ana",Costa,+5511998765401,ana.costa@example.com,Brazil
Mohammed,Al Farsi,+971501234567,mohammed.alfarsi@example.com,United Arab Emirates
